SMILES,Class
CC1=C(C=C(C=C1)C(=O)NC2=CC(=CC(=C2)C(F)(F)F)N3C=C(N=C3)C)NC4=NC=CC(=N4)C5=CN=CC=C5,0
CCCC(C)C,0
CN=C=O,0
C1(=NC(=O)N(C(=O)N1Cl)Cl)[O-].[Na+],0
CC1=C(SCCO1)C(=O)NC2=CC=CC=C2,0
CC1C=CC=CC=CC=CC=CC=CC=CC(CC2C(C(CC(O2)(CC(CC(C(CCC(CC(CC(=O)OC(C(C1O)C)C)O)O)O)O)O)O)O)C(=O)O)OC3C(C(C(C(O3)C)O)N)O,0
[Mg],0
C=CCOC(=O)C1=CC=CC=C1C(=O)OCC=C,0
CN1CCC23C4C(=O)CCC2(C1CC5=C3C(=C(C=C5)OC)O4)O,0
CC1C=CC=CC=CC=CC=CC=CC=CC(CC2C(C(CC(O2)(CC(CC(C(CCC(CC(CC(=O)OC(C(C1O)C)C)O)O)O)O)O)O)O)C(=O)O)OC3C(C(C(C(O3)C)O)N)O,0
CCCCCCCCCCCCCCCCCC(=O)OCC(C1C(C(CO1)O)O)O,0
CCN1CCN(C(=O)C1=O)C(=O)NC(C2=CC=CC=C2)C(=O)NC3C4N(C3=O)C(C(S4)(C)C)C(=O)O,0
C1CN(CCC1NC(=O)C2=CC=CC=C2C3=CC=C(C=C3)C(F)(F)F)CCCCC4(C5=CC=CC=C5C6=CC=CC=C64)C(=O)NCC(F)(F)F,0
CC1CCC2C(C(OC3C24C1CCC(O3)(OO4)C)OC)C,0
C1CC1C2=NC(=C(C(=N2)N)Cl)C(=O)O,0
[O-2].[O-2].[O-2].[O-2].[O-2].[Ti+4].[Fe+3].[Fe+3],0
C=CCC1=CC(=C(C=C1)O)C2=C(C=CC(=C2)CC=C)O,0
CC1=CC2=C(C=C1C)N(C=N2)C3C(C(C(O3)CO)OP(=O)([O-])OC(C)CNC(=O)CCC4(C(C5C6(C(C(C(=N6)C(=C7C(C(C(=N7)C=C8C(C(C(=N8)C(=C4[N-]5)C)CCC(=O)N)(C)C)CCC(=O)N)(C)CC(=O)N)C)CCC(=O)N)(C)CC(=O)N)C)CC(=O)N)C)O.O.[Co+2],0
CCCCCCCCCCCCCOC(=O)CCCCC(=O)OCCCCCCCCCCCCC,0
C1=CC=C(C(=C1)CC(=O)O)NC2=C(C=CC=C2Cl)Cl,0
CCC1(CCC(O1)C2(CCC3(O2)CC(C(C(O3)C(C)C(C(C)C(=O)O)OC)C)O)C)C4C(CC(O4)C5C(CC(C(O5)(CO)O)C)C)C,0
FS(F)(F)(F)(F)F,0
CC(C1=CC=CC2=CC=CC=C21)NCCCC3=CC(=CC=C3)C(F)(F)F,0
CCC1C(=O)N2CCCC2C(=O)N(C(C(=O)N3CC(C(=O)CC3C(=O)NC(C(=O)OC(C(C(=O)N1)NC(=O)C4=C(C=CC=N4)O)C)C5=CC=CC=C5)CSC6CN7CCC6CC7)CC8=CC=C(C=C8)N(C)C)C,0
B(F)(F)F.CO,0
C(CN(CC(=O)[O-])CC(=O)[O-])N(CC(=O)[O-])CC(=O)[O-].[K+].[Fe+3],0
COC1=C(C=CC(=C1)CC=C)O,0
C[Si](C)(C)O[Si](C)(C)O[Si](C)(C)C,0
CCN(CC)CCSCC(=O)OC1CC(C(C(C23CCC(C1(C2C(=O)CC3)C)C)C)O)(C)C=C,0
CCC1C(C=C(C=CC(=O)C(CC(C(C(C(CC(=O)O1)O)C)OC2C(C(C(C(O2)C)OC3CC(C(C(O3)C)O)(C)O)N(C)C)O)CC=O)C)C)COC4C(C(C(C(O4)C)O)OC)OC,0
[Ti],0
CC(C)OC(=O)C(C)NP(=O)(OCC1C(C(C(O1)N2C=CC(=O)NC2=O)(C)F)O)OC3=CC=CC=C3,0
O=[Mn],0
CCC(C)C1C(C=CC2(O1)CC3CC(O2)CC=C(C(C(C=CC=C4COC5C4(C(C=C(C5O)C)C(=O)O3)O)C)OC6CC(C(C(O6)C)OC7CC(C(C(O7)C)NC)OC)OC)C)C.C1=CC=C(C=C1)C(=O)O,0
CC1=C(C=CC(=C1)OP(=S)(OC)OC)[N+](=O)[O-],0
CCOP(=S)(OCC)SCSCC,0
CC1=CC=C(C=C1)[N+](=O)[O-],0
CC1CCC(C(C1)O)C(C)C,0
C1N2CN3CN1C[N+](C2)(C3)CC=CCl.[Cl-],0
CCCCCCC1CCC(=O)O1,0
CC(C)C1=NC(=NC(=C1C=CC(CC(CC(=O)O)O)O)C2=CC=C(C=C2)F)N(C)S(=O)(=O)C,0
CC(=C)C(=O)OC(=O)C(=C)C,0
NCl,0
CCOCCOCCOCC,0
CC(=O)OCCOC,0
C1CCN(CC1)CCOC2=CC=C(C=C2)C(=O)C3=C(SC4=C3C=CC(=C4)O)C5=CC=C(C=C5)O,0
CCCCCCCCCCC1=CC(=CC=C1)S(=O)(=O)[O-].[Na+],0
CCCCC1=NC=C(N1CC2=CC=C(C=C2)C(=O)O)C=C(CC3=CC=CS3)C(=O)O,0
CCCCCCC(CCCCCCCCCCC(=O)OCC(CC)CCCC)O,0
CC(CN1CCN(CCN(CCN(CC1)CC(=O)[O-])CC(=O)[O-])CC(=O)[O-])O.[Gd+3],0
CC1C(C(C(C(O1)OCC2C(C(C(C(O2)OC3=CC(=C4C(=O)CC(OC4=C3)C5=CC(=C(C=C5)OC)O)O)O)O)O)O)O)O,0
C1CC2C(=O)NC(CSSCCC(=O)NC(C(=O)NCC(=O)NC(C(=O)NC(C(=O)N2C1)CC3=CNC4=CC=CC=C43)CC(=O)O)CCCCN=C(N)N)C(=O)N,0
CC1=CC2=C(C=C1C)N(C=N2)C3C(C(C(O3)CO)OP(=O)([O-])OC(C)CNC(=O)CCC4(C(C5C6(C(C(C(=N6)C(=C7C(C(C(=N7)C=C8C(C(C(=N8)C(=C4[N-]5)C)CCC(=O)N)(C)C)CCC(=O)N)(C)CC(=O)N)C)CCC(=O)N)(C)CC(=O)N)C)CC(=O)N)C)O.O.[Co+2],0
COC1=CC=CC(=C1)N,0
CCCCCCCCCCCCCCCCCC(=O)OCC(CO)O,0
CC1CCC2CC(C(=CC=CC=CC(CC(C(=O)C(C(C(=CC(C(=O)CC(OC(=O)C3CCCCN3C(=O)C(=O)C1(O2)O)C(C)CC4CCC(C(C4)OC)OC(=O)C(C)(CO)CO)C)C)O)OC)C)C)C)OC,0
CCSCCSP(=O)(OC)OC,0
CNC(=O)ON=C(C(=O)N(C)C)SC,0
C(C1(C2C3C(N=C(NC34C(C1OC(C4O)(O2)O)O)N)O)O)O,0
[NH4+].[Cl-],0
CC1CCC2CC(C(=CC=CC=CC(CC(C(=O)C(C(C(=CC(C(=O)CC(OC(=O)C3CCCCN3C(=O)C(=O)C1(O2)O)C(C)CC4CCC(C(C4)OC)OCCO)C)C)O)OC)C)C)C)OC,0
[N+](=O)(O)[O-],0
CCCCCCC(=O)O,0
C(C(CBr)Br)OP(=O)(OCC(CBr)Br)OCC(CBr)Br,0
CC1=CC1,0
CC(=NOCC1=CC=CC=C1C(=NOC)C(=O)OC)C2=CC(=CC=C2)C(F)(F)F,0
CS(=O)(=O)CCNCC1=CC=C(O1)C2=CC3=C(C=C2)N=CN=C3NC4=CC(=C(C=C4)OCC5=CC(=CC=C5)F)Cl,0
C=C1CCC2(C3CC4=C5C2(C1OC5=C(C=C4)O)CCN3CC6CC6)O,0
CC(=O)OC1=CC2=C(S1)CCN(C2)C(C3=CC=CC=C3F)C(=O)C4CC4,0
CN(CCOC1=CC=C(C=C1)CC2C(=O)NC(=O)S2)C3=CC=CC=N3,0
C(CC(C(CCC(CCl)Cl)Cl)Cl)C(CCl)Cl,0
CC1C(C(CC(O1)OC2C(C(C(OC2OC3=C4C=C5C=C3OC6=C(C=C(C=C6)C(C(C(=O)NC(C(=O)NC5C(=O)NC7C8=CC(=C(C=C8)O)C9=C(C=C(C=C9O)O)C(NC(=O)C(C(C1=CC(=C(O4)C=C1)Cl)O)NC7=O)C(=O)O)CC(=O)N)NC(=O)C(CC(C)C)NC)O)Cl)CO)O)O)(C)N)O,0
CN1CC2C(C1)C3=C(C=CC(=C3)Cl)OC4=CC=CC=C24,0
CCC(C)C(C(=O)NC(CCC(=O)O)C(=O)NC(CC1=CNC2=CC=CC=C21)C(=O)NC(CC(C)C)C(=O)NC(CCCCN)C(=O)NC(CC(=O)N)C(=O)NCC(=O)NCC(=O)N3CCCC3C(=O)NC(CO)C(=O)NC(CO)C(=O)NCC(=O)NC(C)C(=O)N4CCCC4C(=O)N5CCCC5C(=O)N6CCCC6C(=O)NC(CO)C(=O)N)NC(=O)C(CC7=CC=CC=C7)NC(=O)C(CC(C)C)NC(=O)C(CCCNC(=N)N)NC(=O)C(C(C)C)NC(=O)C(C)NC(=O)C(CCC(=O)O)NC(=O)C(CCC(=O)O)NC(=O)C(CCC(=O)O)NC(=O)C(CCSC)NC(=O)C(CCC(=O)N)NC(=O)C(CCCCN)NC(=O)C(CO)NC(=O)C(CC(C)C)NC(=O)C(CC(=O)O)NC(=O)C(CO)NC(=O)C(C(C)O)NC(=O)C(CC8=CC=CC=C8)NC(=O)C(C(C)O)NC(=O)CNC(=O)C(CCC(=O)O)NC(=O)CNC(=O)C(CC9=CNC=N9)N,0
C(#N)C#N,0
CC1CCC2C(C(OC3C24C1CCC(O3)(OO4)C)OC)C,0
C1CNCCN1,0
C=CO,0
CCC(C)CC(C)CCCCCCCCC(=O)NC1CC(C(NC(=O)C2C(CCN2C(=O)C(NC(=O)C(NC(=O)C3CC(CN3C(=O)C(NC1=O)C(C)O)O)C(C(C4=CC=C(C=C4)O)O)O)C(CCN)O)O)NCCN)O,0
CC1=CC2=C(C=C1C)N(C=N2)C3C(C(C(O3)CO)OP(=O)([O-])OC(C)CNC(=O)CCC4(C(C5C6(C(C(C(=N6)C(=C7C(C(C(=N7)C=C8C(C(C(=N8)C(=C4[N-]5)C)CCC(=O)N)(C)C)CCC(=O)N)(C)CC(=O)N)C)CCC(=O)N)(C)CC(=O)N)C)CC(=O)N)C)O.[OH-].[Co+3],0
C1=CC=C2C(=C1)C=CC=C2[N+](=O)[O-],0
CCC1C2(C(C(C(=O)C(CC(C(C(C(=O)C(C(=O)O1)C)C)OC3C(C(CC(O3)C)N(C)C)O)(C)OC)C)C)N(C(=O)O2)CCCCN4C=C(N=C4)C5=CN=CC=C5)C,0
CCC(=O)OC1CC2CCC1(C2(C)C)C,0
CCOC(OCC)OCC,0
CCC(C)C1C(C=CC2(O1)CC3CC(O2)CC=C(C(C(C=CC=C4COC5C4(C(C=C(C5O)C)C(=O)O3)O)C)OC6CC(C(C(O6)C)OC7CC(C(C(O7)C)NC)OC)OC)C)C,0
C1=CC=C2C(=C1)C=CC(=C2N=NC3=C(C4=CC=CC=C4C=C3)S(=O)(=O)[O-])O.C1=CC=C2C(=C1)C=CC(=C2N=NC3=C(C4=CC=CC=C4C=C3)S(=O)(=O)[O-])O.[Ca+2],0
CC1CC=CC=CC(C(CC(C(C(C(CC(=O)O1)O)OC)OC2C(C(C(C(O2)C)OC3CC(C(C(O3)C)O)(C)O)N(C)C)O)CC=O)C)OC4CCC(C(O4)C)N(C)C,0
CC(=NOCC1=CC=CC=C1C(=NOC)C(=O)OC)C2=CC(=CC=C2)C(F)(F)F,0
C(C1C(C(C(C(O1)OC(C(CO)O)C(C(CO)O)O)O)O)O)O,0
CCC1=CC(=C(C=C1Cl)S(=O)(=O)[O-])N=NC2=C(C=CC3=CC=CC=C32)O.CCC1=CC(=C(C=C1Cl)S(=O)(=O)[O-])N=NC2=C(C=CC3=CC=CC=C32)O.[Ba+2],0
CCC1C2(C(C(C(=O)C(CC(C(C(C(=O)C(C(=O)O1)C)C)OC3C(C(CC(O3)C)N(C)C)O)(C)OC)C)C)N(C(=O)O2)CCCCN4C=C(N=C4)C5=CN=CC=C5)C,0
CC(=CCCC(C)(C=C)OC(=O)C)C,0
CCN(CC)CCSCC(=O)OC1CC(C(C(C23CCC(C1(C2C(=O)CC3)C)C)C)O)(C)C=C,0
CC(CS)C(=O)N1CCCC1C(=O)O,0
C1=CC=C2C(=C1)C=C(C=N2)F,0
CC1OC2(CN3CCC2CC3)CS1,0
C(C(C1C(=C(C(=O)O1)O)[O-])O)O.[Na+],0
C1=CC(=CC2=NC3=C(C=CC(=C3)N)C=C21)N,0
CC(C)CCCCCCOC(=O)C1CCCCC1C(=O)OCCCCCCC(C)C,0
C1=CC=C(C=C1)S(=O)(=O)O.C(CO)N(CCO)CCO,0
CC1C(SC(=O)N1C(=O)NC2CCCCC2)C3=CC=C(C=C3)Cl,0
C1CCCC1,0
CCCCCCCCCCCCCCCCCCCCO,0
CC(C)C(C(=O)OCCOCN1C=NC2=C1N=C(NC2=O)N)N,0
CC1C=CC=CC=CC=CC=CC=CC=CC(CC2C(C(CC(O2)(CC(CC(C(CCC(CC(CC(=O)OC(C(C1O)C)C)O)O)O)O)O)O)O)C(=O)O)OC3C(C(C(C(O3)C)O)N)O,0
CCC1C(C=C(C=CC(=O)C(CC(C(C(C(CC(=O)O1)O)C)OC2C(C(C(C(O2)C)OC3CC(C(C(O3)C)O)(C)O)N(C)C)O)CC=O)C)C)COC4C(C(C(C(O4)C)O)OC)OC,0
CC(CCl)OP(=O)(OC(C)CCl)OC(C)CCl,0
ClCl,0
[O-2].[O-2].[O-2].[La+3].[La+3],0
C(C#N)Cl,0
C1=C(C(=CC(=C1Cl)Cl)Cl)N,0
CC1(CON(C1=O)CC2=CC=CC=C2Cl)C,0
CC(C(=O)NC1C(SC1(C)C)(C)C)NC(=O)C(CC(=O)O)N.CC(C(=O)NC1C(SC1(C)C)(C)C)NC(=O)C(CC(=O)O)N.O.O.O.O.O,0
CC1=CC=C(C=C1)S(=O)(=O)C(I)I,0
CC(=O)OCCC1=CC=CC=C1,0
CC1CCC2CC(C(=CC=CC=CC(CC(C(=O)C(C(C(=CC(C(=O)CC(OC(=O)C3CCCCN3C(=O)C(=O)C1(O2)O)C(C)CC4CCC(C(C4)OC)OCCO)C)C)O)OC)C)C)C)OC,0
CC1(C2CCC(=C)C1C2)C,0
CC(C(=O)NC1C(SC1(C)C)(C)C)NC(=O)C(CC(=O)O)N.CC(C(=O)NC1C(SC1(C)C)(C)C)NC(=O)C(CC(=O)O)N.O.O.O.O.O,0
C1=C(C=C(C(=C1N)O)[N+](=O)[O-])[N+](=O)[O-],0
CC(C)(C)OOC(=O)C1=CC=CC=C1,0
COC(=O)C=C,0
CC(C)(C)C1=CC(=CC(=C1O)C(C)(C)C)CN(C)C,0
CC1=C(C=CC2=C1N=C(C=C2OC3CC4C(C3)C(=O)N(CCCCC=CC5CC5(NC4=O)C(=O)NS(=O)(=O)C6CC6)C)C7=NC(=CS7)C(C)C)OC,0
CCC1C2(C(C(C(=O)C(CC(C(C(C(=O)C(C(=O)O1)C)C)OC3C(C(CC(O3)C)N(C)C)O)(C)OC)C)C)N(C(=O)O2)CCCCN4C=C(N=C4)C5=CN=CC=C5)C,0
CCCCCCCCCCCCOS(=O)(=O)[O-].CCCCCCCCCCCCOS(=O)(=O)[O-].[Zn+2],0
C[As](=O)(C)O,0
CC1=CC(=C(C2=CC(=C(C=C2)N)C)C3=CC(=C(C=C3)N)C)C=CC1=N.Cl,0
C(C1(C2C3C(N=C(NC34C(C1OC(C4O)(O2)O)O)N)O)O)O,0
CCC1C(C(C(N(CC(CC(C(C(C(C(C(=O)O1)C)OC2CC(C(C(O2)C)O)(C)OC)C)OC3C(C(CC(O3)C)N(C)C)O)(C)O)C)C)C)O)(C)O,0
C(C(C(=O)O)N)S,0
[O-][Si](=O)O[Si](=O)[O-].[Na+].[Na+],0
C1=CC=C2C(=C1)C(OS2(=O)=O)(C3=CC(=C(C(=C3)Br)O)Br)C4=CC(=C(C(=C4)Br)O)Br,0
Cl[Sb](Cl)(Cl)(Cl)Cl,0
CCCCOP(=O)(OCCCC)OC1=CC=CC=C1,0
CC(=O)OC1C(SC2=CC=CC=C2N(C1=O)CCN(C)C)C3=CC=C(C=C3)OC,0
CC=C(C)C(=O)OC1C(=CC23C1(C(C(=CC(C2=O)C4C(C4(C)C)CC3C)CO)O)O)C,0
C(C1(C2C3C(N=C(NC34C(C1OC(C4O)(O2)O)O)N)O)O)O,0
C1=CC(=C(C(=C1)Cl)C=NN=C(N)N)Cl,0
CCC1C(C=C(C=CC(=O)C(CC(C(C(C(CC(=O)O1)O)C)OC2C(C(C(C(O2)C)OC3CC(C(C(O3)C)O)(C)O)N(C)C)O)CC=O)C)C)COC4C(C(C(C(O4)C)O)OC)OC,0
CCCCCC,0
CC(C)(C1=CC=C(C=C1)C(CCCN2CCC(CC2)C(C3=CC=CC=C3)(C4=CC=CC=C4)O)O)C(=O)O,0
C1CN(CC=C1N2C3=CC=CC=C3NC2=O)CCCC(=O)C4=CC=C(C=C4)F,0
CN1CCC(CC1)COC2=C(C=C3C(=C2)N=CN=C3NC4=C(C=C(C=C4)Br)F)OC,0
CC1CCC2CC(C(=CC=CC=CC(CC(C(=O)C(C(C(=CC(C(=O)CC(OC(=O)C3CCCCN3C(=O)C(=O)C1(O2)O)C(C)CC4CCC(C(C4)OC)OCCO)C)C)O)OC)C)C)C)OC,0
CC1=CC=CC=C1N,0
C1C2CC2N(C1C#N)C(=O)C(C34CC5CC(C3)CC(C5)(C4)O)N,0
CCCCCC(C)CO,0
CCOC1=CC=C(C=C1)CC(CN(CCN(CC(=O)O)CC(=O)O)CC(=O)O)N(CC(=O)O)CC(=O)O.[Na].[Na].[Gd+3],0
COC1=C(C=CC(=C1)C2=CC(=C(C=C2)N=NC3=C(C4=C(C=C(C=C4C=C3S(=O)(=O)[O-])S(=O)(=O)[O-])N)O)OC)N=NC5=C(C6=C(C=C(C=C6C=C5S(=O)(=O)[O-])S(=O)(=O)[O-])N)O.[Na+].[Na+].[Na+].[Na+],0
C1=CC(=CC=C1OC2=C3C(=CC(=CC3=NC=C2)Cl)Cl)F,0
CC=C(C)C(=O)OC1C(=CC23C1(C(C(=CC(C2=O)C4C(C4(C)C)CC3C)CO)O)O)C,0
CN1CCC23C=CC(CC2OC4=C(C=CC(=C34)C1)OC)O,0
CC(C1CCC(C(O1)OC2C(CC(C(C2O)OC3C(C(C(CO3)(C)O)NC)O)N)N)N)NC,0
CCC1C2(C(C(C(=O)C(CC(C(C(C(=O)C(C(=O)O1)C)C)OC3C(C(CC(O3)C)N(C)C)O)(C)OC)C)C)N(C(=O)O2)CCCCN4C=C(N=C4)C5=CN=CC=C5)C,0
CCC(C)C,0
C1=CC=C(C=C1)NC2=CC=C(C=C2)N,0
CC1=CC2=C(C=C1C)N(C=N2)C3C(C(C(O3)CO)OP(=O)([O-])OC(C)CNC(=O)CCC4(C(C5C6(C(C(C(=N6)C(=C7C(C(C(=N7)C=C8C(C(C(=N8)C(=C4[N-]5)C)CCC(=O)N)(C)C)CCC(=O)N)(C)CC(=O)N)C)CCC(=O)N)(C)CC(=O)N)C)CC(=O)N)C)O.O.[Co+2],0
CC1CC=CC=CC(C(CC(C(C(C(CC(=O)O1)O)OC)OC2C(C(C(C(O2)C)OC3CC(C(C(O3)C)O)(C)O)N(C)C)O)CC=O)C)OC4CCC(C(O4)C)N(C)C,0
CC(C)N1C2=CC=CC=C2C(=C1C=CC(CC(CC(=O)O)O)O)C3=CC=C(C=C3)F,0
CC1=NN=C(N1C2CC3CCC(C2)N3CCC(C4=CC=CC=C4)NC(=O)C5CCC(CC5)(F)F)C(C)C,0
[H+].[H+].F[Si-2](F)(F)(F)(F)F,0
C1=NNC(=N1)N,0
CC1CC=CC=CC(C(CC(C(C(C(CC(=O)O1)O)OC)OC2C(C(C(C(O2)C)OC3CC(C(C(O3)C)O)(C)O)N(C)C)O)CC=O)C)OC4CCC(C(O4)C)N(C)C,0
CCCCCCCCCCCCCCCCCCO,0
CC1=C(C=CC2=C1N=C(C=C2OC3CC4C(C3)C(=O)N(CCCCC=CC5CC5(NC4=O)C(=O)NS(=O)(=O)C6CC6)C)C7=NC(=CS7)C(C)C)OC,0
CCC1C(=O)N2CCCC2C(=O)N(C(C(=O)N3CC(C(=O)CC3C(=O)NC(C(=O)OC(C(C(=O)N1)NC(=O)C4=C(C=CC=N4)O)C)C5=CC=CC=C5)CSC6CN7CCC6CC7)CC8=CC=C(C=C8)N(C)C)C,0
CC1CC(C2C(CC(C(O2)(C(=O)C(=O)N3CCCCC3C(=O)OC(C(C(CC(=O)C(C=C(C1)C)CC=C)O)C)C(=CC4CCC(C(C4)OC)O)C)O)C)OC)OC,0
CCC1C(C=C(C=CC(=O)C(CC(C(C(C(CC(=O)O1)O)C)OC2C(C(C(C(O2)C)OC3CC(C(C(O3)C)O)(C)O)N(C)C)O)CC=O)C)C)COC4C(C(C(C(O4)C)O)OC)OC,0
CCC1(CCC(O1)C2(CCC3(O2)CC(C(C(O3)C(C)C(C(C)C(=O)O)OC)C)O)C)C4C(CC(O4)C5C(CC(C(O5)(CO)O)C)C)C,0
C1(=O)NC(=NN1)[N+](=O)[O-],0
CON=C(C1=CSC(=N1)N)C(=O)NC2C3N(C2=O)C(=C(CS3)CSC(=O)C4=CC=CO4)C(=O)O,0
C1=CC=C(C=C1)COCC(C(=O)O)N(CCN(CCN(CC(=O)O)CC(=O)O)CC(=O)O)CC(=O)O,0
C1=CC(=CC=C1N)[N+](=O)[O-],0
CCOP(=O)(C#N)N(C)C,0
F.[F-].[Na+],0
CSCCNC1=C2C(=NC(=N1)SCCC(F)(F)F)N(C=N2)C3C(C(C(O3)COP(=O)(O)OP(=O)(C(P(=O)(O)O)(Cl)Cl)O)O)O,0
C1=CC=C2C(=C1)C=C(C=N2)Cl,0
C1=NNC2=C1C(=O)NC=N2,0
C1CC(CCC1OP(=O)([O-])OCC(CN(CCN(CC(=O)[O-])CC(=O)[O-])CC(=O)[O-])N(CC(=O)[O-])CC(=O)[O-])(C2=CC=CC=C2)C3=CC=CC=C3.[Na+].[Gd+3],0
CC1CCC2C(C(OC3C24C1CCC(O3)(OO4)C)OC(=O)CCC(=O)O)C,0
COC1=NC=C(C2=NC(=NN21)S(=O)(=O)NC3=C(C=CC=C3F)F)F,0
CCCCCCCCCCCCCCC1CO1,0
CCCCCCC(CC=CCCCCCCCC(=O)OCC(COC(=O)CCCCCCCC=CCC(CCCCCC)O)OC(=O)CCCCCCCC=CCC(CCCCCC)O)O,0
CC1C=CC=CC=CC=CC=CC=CC=CC(CC2C(C(CC(O2)(CC(CC(C(CCC(CC(CC(=O)OC(C(C1O)C)C)O)O)O)O)O)O)O)C(=O)O)OC3C(C(C(C(O3)C)O)N)O,0
CC1CCC2CC(C(=CC=CC=CC(CC(C(=O)C(C(C(=CC(C(=O)CC(OC(=O)C3CCCCN3C(=O)C(=O)C1(O2)O)C(C)CC4CCC(C(C4)OC)OC(=O)C(C)(CO)CO)C)C)O)OC)C)C)C)OC,0
CC1CCC2CC(C(=CC=CC=CC(CC(C(=O)C(C(C(=CC(C(=O)CC(OC(=O)C3CCCCN3C(=O)C(=O)C1(O2)O)C(C)CC4CCC(C(C4)OC)OC(=O)C(C)(CO)CO)C)C)O)OC)C)C)C)OC,0
CC1COCC2=CC3=C(C=C12)C(C(C3(C)C)C)(C)C,0
C1C2CNCC1C3=CC4=NC=CN=C4C=C23,0
CCOC(=O)COC1=C(C=C(C(=C1)C2=NN(C(=C2Cl)OC(F)F)C)F)Cl,0
CC1CC(C(=O)C1=O)C,0
C1=CC=C2C(=C1)C(=O)C3=CC=CC=C3C2=O,0
CO[Si](C1=CC=CC=C1)(OC)OC,0
CC(C(CN1C=NC=N1)(C2=C(C=C(C=C2)F)F)O)N3CCC(=C)CC3,0
CCCCC(=O)OCC(=O)C1C(CC2C1(CC(C3(C2CC(C4=CC(=O)C=CC43C)F)Br)O)C)C,0
COP(=S)(OC)SCN1C(=O)C2=CC=CC=C2N=N1,0
C[Si]1(O[Si](O[Si](O[Si](O1)(C)C)(C)C)(C)C)C,0
CNCC(C(C(C(CO)O)O)O)O.CNCC(C(C(C(CO)O)O)O)O.C1=CC=C(C=C1)COCC(C(=O)O)N(CCN(CCN(CC(=O)[O-])CC(=O)[O-])CC(=O)[O-])CC(=O)O.[Gd+3],0
C1CCNC(C1)C(C2=CC(=NC3=C2C=CC=C3C(F)(F)F)C(F)(F)F)O,0
CCC(C)C1=C(C(=CC(=C1)[N+](=O)[O-])[N+](=O)[O-])O,0
CCC1C(C=C(C=CC(=O)C(CC(C(C(C(CC(=O)O1)O)C)OC2C(C(C(C(O2)C)O)N(C)C)O)CCN3CC(CC(C3)C)C)C)C)COC4C(C(C(C(O4)C)O)OC)OC,0
C1=CC=C(C(=C1)Cl)Cl,0
CN1C(=O)CC(=O)N(C2=C1C=CC(=C2)Cl)C3=CC=CC=C3,0
CC1(C2C1C(N(C2)C(=O)C(C(C)(C)C)NC(=O)NC(C)(C)C)C(=O)NC(CC3CCC3)C(=O)C(=O)N)C,0
CC1CCC2C(C(OC3C24C1CCC(O3)(OO4)C)OC(=O)CCC(=O)O)C,0
CCCCOC(=O)CCCCCCCCC(=O)OCCCC,0
CC1=CC(=C(C=C1)NC(=O)C(C(=O)C)N=NC2=C(C=C(C(=C2)Cl)C3=CC(=C(C=C3Cl)N=NC(C(=O)C)C(=O)NC4=C(C=C(C=C4)C)C)Cl)Cl)C,0
CCN(CC1=CC(=CC=C1)S(=O)(=O)[O-])C2=CC=C(C=C2)C(=C3C=CC(=[N+](CC)CC4=CC(=CC=C4)S(=O)(=O)O)C=C3)C5=CC=CC=C5S(=O)(=O)O,0
CC(C)OC(=O)C(C)NP(=O)(OCC1C(C(C(O1)N2C=CC(=O)NC2=O)(C)F)O)OC3=CC=CC=C3,0
CCCCCCCCCCCCCCCCCC(=O)OC(CO)COC(=O)CCCCCCCCCCCCCCC,0
CCC(C)C(C(=O)NC(CCC(=O)O)C(=O)NC(CC1=CNC2=CC=CC=C21)C(=O)NC(CC(C)C)C(=O)NC(CCCCN)C(=O)NC(CC(=O)N)C(=O)NCC(=O)NCC(=O)N3CCCC3C(=O)NC(CO)C(=O)NC(CO)C(=O)NCC(=O)NC(C)C(=O)N4CCCC4C(=O)N5CCCC5C(=O)N6CCCC6C(=O)NC(CO)C(=O)N)NC(=O)C(CC7=CC=CC=C7)NC(=O)C(CC(C)C)NC(=O)C(CCCNC(=N)N)NC(=O)C(C(C)C)NC(=O)C(C)NC(=O)C(CCC(=O)O)NC(=O)C(CCC(=O)O)NC(=O)C(CCC(=O)O)NC(=O)C(CCSC)NC(=O)C(CCC(=O)N)NC(=O)C(CCCCN)NC(=O)C(CO)NC(=O)C(CC(C)C)NC(=O)C(CC(=O)O)NC(=O)C(CO)NC(=O)C(C(C)O)NC(=O)C(CC8=CC=CC=C8)NC(=O)C(C(C)O)NC(=O)CNC(=O)C(CCC(=O)O)NC(=O)CNC(=O)C(CC9=CNC=N9)N,0
C1CC1C2=NC3=CC=CC=C3C(=C2C=CC(CC(CC(=O)[O-])O)O)C4=CC=C(C=C4)F,0
C1=CC(=CN=C1)CC(O)(P(=O)(O)O)P(=O)(O)O,0
CCCCCCCCC=CCCCCCCCC(=O)O[Sn](C)(C)OC(=O)CCCCCCCC=CCCCCCCCC,0
C1C2CC2N(C1C#N)C(=O)C(C34CC5CC(C3)CC(C5)(C4)O)N,0
CC(C(C1=CC=CC=C1)O)NC,0
CC(C)CCOC(=O)C,0
CC(COC1=CC=CC=C1)O,0
CCC1C(C=C(C=CC(=O)C(CC(C(C(C(CC(=O)O1)O)C)OC2C(C(C(C(O2)C)O)N(C)C)O)CCN3CC(CC(C3)C)C)C)C)COC4C(C(C(C(O4)C)O)OC)OC,0
C1CCNC(C1)C(C2=CC(=NC3=C2C=CC=C3C(F)(F)F)C(F)(F)F)O,0
[O-]Cl.[Na+],0
COC(=O)C1=CC(=CC=C1)C(=O)OC,0
B(=O)[O-].B(=O)[O-].[Ca+2],0
CC1CCC2CC(C(=CC=CC=CC(CC(C(=O)C(C(C(=CC(C(=O)CC(OC(=O)C3CCCCN3C(=O)C(=O)C1(O2)O)C(C)CC4CCC(C(C4)OC)OCCO)C)C)O)OC)C)C)C)OC,0
C1=CC(=CC(=C1)[N+](=O)[O-])C(=O)O,0
CCCCCC(CCC)CCCO,0
CC(CCCC(C)(C)O)C1CCC2C1(CCCC2=CC=C3CC(CC(C3=C)O)O)C,0
C1=CC=C(C=C1)NC(=NC2=CC=CC=C2)N,0
C1=CC(=CC=C1C2C(C(=O)N2C3=CC=C(C=C3)F)CCC(C4=CC=C(C=C4)F)O)O,0
CC(C)(C1=CC=CC=C1CCC(C2=CC=CC(=C2)C=CC3=NC4=C(C=CC(=C4)Cl)C=C3)SCC5(CC5)CC(=O)O)O,0
CCN(CC)CCS(=O)(=O)C1CCN2C1C(=O)OC(C(C=CC(=O)NCC=CC(=CC(CC(=O)CC3=NC(=CO3)C2=O)O)C)C)C(C)C,0
CCCCCCCCCCCCC(=O)OCC(CO)O,0
CC1C=CC=CC=CC=CC=CC=CC=CC(CC2C(C(CC(O2)(CC(CC(C(CCC(CC(CC(=O)OC(C(C1O)C)C)O)O)O)O)O)O)O)C(=O)O)OC3C(C(C(C(O3)C)O)N)O,0
CC1=CC2=C(C=C1C)N(C=N2)C3C(C(C(O3)CO)OP(=O)([O-])OC(C)CNC(=O)CCC4(C(C5C6(C(C(C(=C(C7=NC(=CC8=NC(=C(C4=N5)C)C(C8(C)C)CCC(=O)N)C(C7(C)CC(=O)N)CCC(=O)N)C)[N-]6)CCC(=O)N)(C)CC(=O)N)C)CC(=O)N)C)O.O.[Co+2],0
C(C(=O)C(Cl)Cl)Cl,0
C1C2CC3CC(CC1N3CC2=O)OC(=O)C4=CNC5=CC=CC=C54,0
CC1CC(C2C(CC(C(O2)(C(=O)C(=O)N3CCCCC3C(=O)OC(C(C(CC(=O)C(C=C(C1)C)CC=C)O)C)C(=CC4CCC(C(C4)OC)O)C)O)C)OC)OC,0
CC1=C(C=CC2=C1N=C(C=C2OC3CC4C(C3)C(=O)N(CCCCC=CC5CC5(NC4=O)C(=O)NS(=O)(=O)C6CC6)C)C7=NC(=CS7)C(C)C)OC,0
CC1CC=CC=CC(C(CC(C(C(C(CC(=O)O1)O)OC)OC2C(C(C(C(O2)C)OC3CC(C(C(O3)C)O)(C)O)N(C)C)O)CC=O)C)OC4CCC(C(O4)C)N(C)C,0
C1=CC(=C(C=C1Cl)Cl)C(CN2C=NC=N2)COC(C(F)F)(F)F,0
C1=CC(=C2C(=C1)OC(O2)(F)F)C3=CNC=C3C#N,0
CON=C(C1=CC=CC=C1OC2=C(C(=NC=N2)OC3=CC=CC=C3Cl)F)C4=NOCCO4,0
C=CCCC(=O)Cl,0
C1C2CC2N(C1C#N)C(=O)C(C34CC5CC(C3)CC(C5)(C4)O)N,0
[SiH](Cl)(Cl)Cl,0
CN(C)CC(C1=CC=C(C=C1)O)C2(CCCCC2)O,0
C1=CC(=CC=C1OCCO)OCCO,0
C1=C2C(=C(C(=C1Cl)Cl)Cl)OC3=C(O2)C(=C(C(=C3Cl)Cl)Cl)Cl,0
CCC(C)C1C(C=CC2(O1)CC3CC(O2)CC=C(C(C(C=CC=C4COC5C4(C(C=C(C5O)C)C(=O)O3)O)C)OC6CC(C(C(O6)C)OC7CC(C(C(O7)C)NC)OC)OC)C)C,0
Cl[Cr](Cl)Cl,0
CCC(C)(C)C,0
C1=C(C=C(C(=C1Cl)N)Cl)[N+](=O)[O-],0
CC(CN1CCN(CCN(CCN(CC1)CC(=O)O)CC(=O)O)CC(=O)O)O.[Gd],0
CC1CCC2C(C(OC3C24C1CCC(O3)(OO4)C)OC(=O)CCC(=O)O)C,0
[N+](=O)([O-])[O-].[N+](=O)([O-])[O-].[N+](=O)([O-])[O-].[In+3],0
CC=C(C)C(=O)OC1C(=CC23C1(C(C(=CC(C2=O)C4C(C4(C)C)CC3C)CO)O)O)C,0
CCC1C(=O)N2CCCC2C(=O)N(C(C(=O)N3CC(C(=O)CC3C(=O)NC(C(=O)OC(C(C(=O)N1)NC(=O)C4=C(C=CC=N4)O)C)C5=CC=CC=C5)CSC6CN7CCC6CC7)CC8=CC=C(C=C8)N(C)C)C,0
C1=CC=C2C(=C1)NC(=N2)C3=CSC=N3,0
C(C(F)(F)F)(F)Cl,0
CNC(=O)CN(CCN(CCN(CC(=O)NC)CC(=O)[O-])CC(=O)[O-])CC(=O)[O-].O.O.O.[Gd+3],0
C(C(C(=O)[O-])O)(C(=O)[O-])O.[Na+].[K+],0
CCOC(=O)C,0
CCCCCCCCOC(=O)C1=CC=CC=C1C(=O)OCC2=CC=CC=C2,0
CCC1=CC(=C2C(=C1)C(=O)C3=CC=CC=C3S2)CC,0
CC1C(SC(=O)N1C(=O)NC2CCCCC2)C3=CC=C(C=C3)Cl,0
C1=CC(=CC=C1NO)N=O,0
CC1C(CC(C(O1)OC2C(C(C(C(C2O)O)O)O)O)N)N=C(C(=O)O)N.Cl,0
C1=CC(=CC=C1C(=O)Cl)C(=O)Cl,0
CC1=CC=C(C=C1)C2=C(N3C=C(C=CC3=N2)C)CC(=O)N(C)C.C(C(C(=O)O)O)(C(=O)O)O,0
CCC(C)C(C(=O)NC(CCC(=O)O)C(=O)NC(CC1=CNC2=CC=CC=C21)C(=O)NC(CC(C)C)C(=O)NC(CCCCN)C(=O)NC(CC(=O)N)C(=O)NCC(=O)NCC(=O)N3CCCC3C(=O)NC(CO)C(=O)NC(CO)C(=O)NCC(=O)NC(C)C(=O)N4CCCC4C(=O)N5CCCC5C(=O)N6CCCC6C(=O)NC(CO)C(=O)N)NC(=O)C(CC7=CC=CC=C7)NC(=O)C(CC(C)C)NC(=O)C(CCCNC(=N)N)NC(=O)C(C(C)C)NC(=O)C(C)NC(=O)C(CCC(=O)O)NC(=O)C(CCC(=O)O)NC(=O)C(CCC(=O)O)NC(=O)C(CCSC)NC(=O)C(CCC(=O)N)NC(=O)C(CCCCN)NC(=O)C(CO)NC(=O)C(CC(C)C)NC(=O)C(CC(=O)O)NC(=O)C(CO)NC(=O)C(C(C)O)NC(=O)C(CC8=CC=CC=C8)NC(=O)C(C(C)O)NC(=O)CNC(=O)C(CCC(=O)O)NC(=O)CNC(=O)C(CC9=CNC=N9)N,0
C1CCCCCCCOC(=O)CCCCCC1,0
[Y],0
CCOC(=O)C(=C)C#N,0
CC(CC(CC(CCCC(CC(CC(C)Cl)Cl)Cl)Cl)Cl)Cl,0
CC(=O)OCC(CCN1C=NC2=CN=C(N=C21)N)COC(=O)C,0
CCC(C)CC(C)CCCCCCCCC(=O)NC1CC(C(NC(=O)C2C(CCN2C(=O)C(NC(=O)C(NC(=O)C3CC(CN3C(=O)C(NC1=O)C(C)O)O)C(C(C4=CC=C(C=C4)O)O)O)C(CCN)O)O)NCCN)O,0
CCCCC(CC)CO,0
C1CN(CCN1CCOCC(=O)O)C(C2=CC=CC=C2)C3=CC=C(C=C3)Cl,0
C(C(=O)O)N(CC(=O)O)CC(=O)O,0
CC1C=CC=CC=CC=CC=CC=CC=CC(CC2C(C(CC(O2)(CC(CC(C(CCC(CC(CC(=O)OC(C(C1O)C)C)O)O)O)O)O)O)O)C(=O)O)OC3C(C(C(C(O3)C)O)N)O,0
CC(C)(C)NCC(=O)NC1=CC(=C2CC3CC4C(C(=O)C(=C(C4(C(=O)C3=C(C2=C1O)O)O)O)C(=O)N)N(C)C)N(C)C,0
CCC(C)C1C(C=CC2(O1)CC3CC(O2)CC=C(C(C(C=CC=C4COC5C4(C(C=C(C5O)C)C(=O)O3)O)C)OC6CC(C(C(O6)C)OC7CC(C(C(O7)C)NC)OC)OC)C)C,0
C=CC(=O)OCCO,0
C1=C2C3=C(C(=C1O)O)OC(=O)C4=CC(=C(C(=C43)OC2=O)O)O,0
C1C2CC3CC1CC(C2)(C3)N.Cl,0
CC1=CC2=C(C=C1C)N(C=N2)C3C(C(C(O3)CO)OP(=O)([O-])OC(C)CNC(=O)CCC4(C(C5C6(C(C(C(=N6)C(=C7C(C(C(=N7)C=C8C(C(C(=N8)C(=C4[N-]5)C)CCC(=O)N)(C)C)CCC(=O)N)(C)CC(=O)N)C)CCC(=O)N)(C)CC(=O)N)C)CC(=O)N)C)O.O.[Co+2],0
CC(CNCCN)C[Si](C)(OC)OC,0
C(C(=O)[O-])S.[K+],0
CC(C)C1=C(C(=C(C(=N1)C(C)C)COC)C2=CC=C(C=C2)F)C=CC(CC(CC(=O)O)O)O,0
CCCCCCCCCCCC[N+](C)(C)[O-],0
CC1C=CC=CC=CC=CC=CC=CC=CC(CC2C(C(CC(O2)(CC(CC(C(CCC(CC(CC(=O)OC(C(C1O)C)C)O)O)O)O)O)O)O)C(=O)O)OC3C(C(C(C(O3)C)O)N)O,0
C1=CC=C(C=C1)N=NC2=C(C3=C(C=C(C=C3C=C2S(=O)(=O)[O-])S(=O)(=O)[O-])N)O.[Na+].[Na+],0
C1=CC=C(C=C1)CC(C(=O)O)N,0
C1=CC=C(C=C1)C2=CC=CC=C2[O-].[Na+],0
CCCOC(=O)NCCCN(C)C,0
CCCC1=NN(C2=C1N=C(NC2=O)C3=C(C=CC(=C3)S(=O)(=O)N4CCN(CC4)C)OCC)C,0
C1CN(CCN1)CCN,0
CC1=C(C=C(C=C1)C2C(C(C(C(O2)CO)O)O)O)CC3=CC=C(S3)C4=CC=C(C=C4)F,0
CS(=O)(=O)C1=C(C=CC(=C1)C(F)(F)F)C(=O)C2=C(ON=C2)C3CC3,0
C=CCO,0
C1=CC2=C(C=CC=C2O)C(=C1)O,0
CC1CCC(C(C1)O)C(C)C,0
C1=CC=C(C=C1)CCl,0
CC1=C(C(=C(C(=C1F)F)COC(=O)C2C(C2(C)C)C=C(C(F)(F)F)Cl)F)F,0
C1=NC(=C2C(=N1)N(C=N2)CCOCP(=O)(O)O)N,0
CCCCCCCCCCCCCO,0
C1=CC=C2C(=C1)N=C(S2)SSC3=NC4=CC=CC=C4S3,0
C1=CC=C(C=C1)C(=C(C2=CC=CC=C2)C3=CC=C(C=C3)OCCO)CCCl,0
C1=CC(=CC=C1N=NC2C(=NN(C2=O)C3=CC=C(C=C3)S(=O)(=O)[O-])C(=O)[O-])S(=O)(=O)[O-].[Na+].[Na+].[Na+],0
CCOP(=O)(NC(C)C)OC1=CC(=C(C=C1)SC)C,0
C(#N)N.[Ca+2],0
CCCCCCCC[Sn](CCCCCCCC)(OC(=O)C=CC(=O)OCC)OC(=O)C=CC(=O)OCC,0
C1CCC(CC1)NC2CCCCC2,0
CC1CCOC2N1C(=O)C3=C(C(=O)C(=CN3C2)C(=O)NCC4=C(C=C(C=C4)F)F)O,0
C1C2CC2N(C1C#N)C(=O)C(C34CC5CC(C3)CC(C5)(C4)O)N,0
CCCCCCCCCCCCCC,0
O=[Cr]O[Cr]=O,0
CCCN(CCC1CCC(CC1)CC(=O)C=CC2=CC=C(C=C2)OC)C3CCC4=C(C3)SC(=N4)N.CCCN(CCC1CCC(CC1)CC(=O)C=CC2=CC(=CC=C2)OC)C3CCC4=C(C3)SC(=N4)N.CCCN(CCC1CCC(CC1)CC(=O)C=CC2=CN=CC=C2)C3CCC4=C(C3)SC(=N4)N.CCCN(CCC1CCC(CC1)CC(=O)C=CC2=CC=CC(=C2)C)C3CCC4=C(C3)SC(=N4)N.CCCN(CCC1CCC(CC1)CC(=O)C=CC2=CC=CC=C2C)C3CCC4=C(C3)SC(=N4)N.CCCN(CCC1CCC(CC1)CC(=O)C=CC2=CC=CC=C2OC)C3CCC4=C(C3)SC(=N4)N.CCCN(CCC1CCC(CC1)CC(=O)C=CC2=CC=CC=N2)C3CCC4=C(C3)SC(=N4)N,0
CC(=O)OCC1=CC=CC=C1,0
CC1=NN=C(S1)SCC2=C(N3C(C(C3=O)NC(=O)CN4C=NN=N4)SC2)C(=O)O,0
CN(C)CC1CCCCC1(C2=CC(=CC=C2)OC)O,0
CC1=C(C2=C(N1S(=O)(=O)C3=NN(C=N3)S(=O)(=O)N(C)C)C=C(C=C2)F)Br,0
CCCS(=O)(=O)NC1=C(C(=C(C=C1)F)C(=O)C2=CNC3=C2C=C(C=N3)C4=CC=C(C=C4)Cl)F,0
CCOC(=O)C(CCC1=CC=CC=C1)NC(C)C(=O)N2CCCC2C(=O)O,0
COC1=C(C=C(C=C1)C(=CC(=O)N2CCOCC2)C3=CC=C(C=C3)Cl)OC,0
CCCCC(CC)COP(=O)(OCC(CC)CCCC)OCC(CC)CCCC,0
C[N+]1(CCCCC1)C.[Cl-],0
CCC1C(C=C(C=CC(=O)C(CC(C(C(C(CC(=O)O1)O)C)OC2C(C(C(C(O2)C)OC3CC(C(C(O3)C)O)(C)O)N(C)C)O)CC=O)C)C)COC4C(C(C(C(O4)C)O)OC)OC,0
CC(=CC1C(C1(C)C)C(=O)OCN2C(=O)C3=C(C2=O)CCCC3)C,0
C1OCOCO1,0
CCOC1=NC2=CC=CC(=C2N1CC3=CC=C(C=C3)C4=CC=CC=C4C5=NOC(=O)N5)C(=O)O,0
C1=CC2=C3C(=C1)C=C(C4=CC=CC(=C43)C=C2)[N+](=O)[O-],0
CCN(CC)C1=CC=C(C=C1)C(=C2C=CC(=[N+](CC)CC)C=C2)C3=CC=CC=C3.OS(=O)(=O)[O-],0
[O-]P(=O)([O-])OP(=O)([O-])OP(=O)([O-])[O-].[K+].[K+].[K+].[K+].[K+],0
CCCCCCCCCCC1CO1,0
CC1CN(CCC1(C)C2=CC(=CC=C2)O)CC(CC3=CC=CC=C3)C(=O)NCC(=O)O,0
COC1COC(C(C1OS(=O)(=O)[O-])OS(=O)(=O)[O-])OC2COC(C(C2OS(=O)(=O)[O-])OS(=O)(=O)[O-])OC3COC(C(C3OS(=O)(=O)[O-])OC4C(C(C(C(O4)C(=O)[O-])OC)OS(=O)(=O)[O-])OS(=O)(=O)[O-])OC5COC(C(C5OS(=O)(=O)[O-])OS(=O)(=O)[O-])OC.[Na+].[Na+].[Na+].[Na+].[Na+].[Na+].[Na+].[Na+].[Na+].[Na+],0
COC(=O)C1=CC=CC=C1S(=O)(=O)NC(=O)NC2=NC(=CC(=N2)OC(F)F)OC(F)F,0
CC1=C(C=CC2=C1N=C(C=C2OC3CC4C(C3)C(=O)N(CCCCC=CC5CC5(NC4=O)C(=O)NS(=O)(=O)C6CC6)C)C7=NC(=CS7)C(C)C)OC,0
CCCCC(CC)C(=O)[O-].CCCCC(CC)C(=O)[O-].[Fe+2],0
C(CSSCCCS(=O)(=O)[O-])CS(=O)(=O)[O-].[Na+].[Na+],0
[N+](=O)([O-])[O-].[N+](=O)([O-])[O-].[N+](=O)([O-])[O-].[Cr+3],0
CCC(=O)C,0
COC(=O)C1=C(C=CC(=C1)OC2=C(C=C(C=C2)Cl)Cl)[N+](=O)[O-],0
[O-]P(=O)([O-])F.[Na+].[Na+],0
[Na+].S,0
CN1CC2C(C1)C3=C(C=CC(=C3)Cl)OC4=CC=CC=C24,0
C(CCCN(CP(=O)(O)O)CP(=O)(O)O)CCN(CCCCCCN(CP(=O)(O)O)CP(=O)(O)O)CP(=O)(O)O,0
CC1=CC2=C(C=C1C)N(C=N2)C3C(C(C(O3)CO)OP(=O)([O-])OC(C)CNC(=O)CCC4(C(C5C6(C(C(C(=N6)C(=C7C(C(C(=N7)C=C8C(C(C(=N8)C(=C4[N-]5)C)CCC(=O)N)(C)C)CCC(=O)N)(C)CC(=O)N)C)CCC(=O)N)(C)CC(=O)N)C)CC(=O)N)C)O.O.[Co+2],0
C1=C(C(=C(N=C1Cl)C(=O)O)Cl)N,0
CCC(C)C(C(=O)NC(CCC(=O)O)C(=O)NC(CCC(=O)O)C(=O)NC(CO)C(=O)NC(CCC(=O)N)C(=O)NC(CC(=O)N)C(=O)NC(CCC(=O)N)C(=O)NC(CCC(=O)N)C(=O)NC(CCC(=O)O)C(=O)NC(CCCCN)C(=O)NC(CC(=O)N)C(=O)NC(CCC(=O)O)C(=O)NC(CCC(=O)N)C(=O)NC(CCC(=O)O)C(=O)NC(CC(C)C)C(=O)NC(CC(C)C)C(=O)NC(CCC(=O)O)C(=O)NC(CC(C)C)C(=O)NC(CC(=O)O)C(=O)NC(CCCCN)C(=O)NC(CC1=CNC2=CC=CC=C21)C(=O)NC(C)C(=O)NC(CO)C(=O)NC(CC(C)C)C(=O)NC(CC3=CNC4=CC=CC=C43)C(=O)NC(CC(=O)N)C(=O)NC(CC5=CNC6=CC=CC=C65)C(=O)NC(CC7=CC=CC=C7)C(=O)N)NC(=O)C(CC(C)C)NC(=O)C(CO)NC(=O)C(CC8=CN=CN8)NC(=O)C(C(C)CC)NC(=O)C(CC(C)C)NC(=O)C(CO)NC(=O)C(C(C)O)NC(=O)C(CC9=CC=C(C=C9)O)NC(=O)C,0
CCC(C)C1=CC=CC=C1O,0
CCC=O,0
CC(C)COC(=O)C=C,0
[O-]S(=O)(=O)[O-].[Ba+2],0
CCC(C)(C)OC,0
CCS(=O)(=O)C1=C(N=CC=C1)S(=O)(=O)NC(=O)NC2=NC(=CC(=N2)OC)OC,0
CC1CCC2CC(C(=CC=CC=CC(CC(C(=O)C(C(C(=CC(C(=O)CC(OC(=O)C3CCCCN3C(=O)C(=O)C1(O2)O)C(C)CC4CCC(C(C4)OC)OCCO)C)C)O)OC)C)C)C)OC,0
CC1CCC2(CC3CC(O2)CC=C(CC(C=CC=C4COC5C4(C(C=C(C5O)C)C(=O)O3)O)C)C)OC1C,0
CCCCCCCCCCCC(=O)OCC(CO)O,0
C1C2CC2N(C1C#N)C(=O)C(C34CC5CC(C3)CC(C5)(C4)O)N,0
CC(C(=O)NC1C(SC1(C)C)(C)C)NC(=O)C(CC(=O)O)N,0
C1=CC=C(C(=C1)C=O)Cl,0
CC1CCC2C(C(OC3C24C1CCC(O3)(OO4)C)OC(=O)CCC(=O)O)C,0
C1(=O)NC(=O)N(C(=O)N1Cl)Cl,0
CC=C(C)C(=O)OC1C(=CC23C1(C(C(=CC(C2=O)C4C(C4(C)C)CC3C)CO)O)O)C,0
CN1CCCC1=O,0
FF,0
CC1CC=CC=CC(C(CC(C(C(C(CC(=O)O1)O)OC)OC2C(C(C(C(O2)C)OC3CC(C(C(O3)C)O)(C)O)N(C)C)O)CC=O)C)OC4CCC(C(O4)C)N(C)C,0
CC1CC=CC=CC(C(CC(C(C(C(CC(=O)O1)O)OC)OC2C(C(C(C(O2)C)OC3CC(C(C(O3)C)O)(C)O)N(C)C)O)CC=O)C)OC4CCC(C(O4)C)N(C)C,0
C[Si](C)O[Si](C)C,0
CCCC[Sn]Cl.O.O,0
CCCCCCCCCCCCCCCCCCCCCCCCO,0
C1=CC=C2C(=C1)C(=O)NS2(=O)=O.[Na],0
COCCOCCOC,0
C1CCC(CC1)N2C(=NN=N2)CCCCOC3=CC4=C(C=C3)NC(=O)CC4,0
CN(C1CCCCC1)C2CCCCC2,0
[F-].[F-].[Zn+2],0
CC(Cl)Cl,1
CC1=C(C=C(C=C1)N)N,1
COC(=O)NN=CC1=[N+](C2=CC=CC=C2[N+](=C1)[O-])[O-],1
[O-][Cr](=O)(=O)[O-].[K+].[K+],1
COC1=C2C3=C(C(=O)OCC3)C(=O)OC2=C4C5C=COC5OC4=C1,1
C1=CC(=C(C=C1CC2=CC(=C(C=C2)N)Cl)Cl)N,1
CC1CC2(C(O2)C)C(=O)OC3CCN4C3C(=CC4)COC(=O)C1(C)O,1
CC=CC=CC=O,1
C[N+](C)(C)CC1=CC=CC=C1.[Cl-],1
C1=CC(=CC=C1C2=C(C(=O)C3=C(C=C(C=C3O2)O)O)O)O,1
[K+].[I-],1
C1C2=CC=CC=C2C3=CC=CC=C31,1
N(=O)[O-].[K+],1
C1=CC(=CC=C1N)SC2=CC=C(C=C2)N,1
C1CC1NC2=C3C(=NC(=N2)N)N(C=N3)C4CC(C=C4)CO,1
CC(=O)N(C1=CC2=C(C=C1)C3=CC=CC=C3C2)O,1
CCCC(=O)OCC(COC(=O)CCC)OC(=O)CCC,1
C[N+]1=CC=C(C=C1)C2=CC=[N+](C=C2)C.[Cl-].[Cl-],1
C1=CC=C2C(=C1)C(=O)C=CN2,1
CC1CC2(C(O2)C)C(=O)OC3CCN4C3C(=CC4)COC(=O)C1(C)O,1
CC(C)C(C1=CC=C(C=C1)Cl)C(=O)OC(C#N)C2=CC(=CC=C2)OC3=CC=CC=C3,1
CC1=CC2C(CC1OC(=O)CC(C)C)(C3(C(C(C(C34CO4)O2)O)OC(=O)C)C)COC(=O)C,1
B1(OB2OB(OB(O1)O2)[O-])[O-].O.O.O.O.O.O.O.O.O.O.[Na+].[Na+],1
C1CN1P(=S)(N2CC2)N3CC3,1
C(CN(CC(=O)O)CC(=O)O)N(CC(=O)O)CC(=O)O.N.N.N,1
C1=CC=C2C(=C1)C=CC3=C2C=C4C=CC5=CC=CC=C5C4=N3,1
O=S=O,1
C(=S)(N)N,1
CC=CCC1=C(C(CC1=O)OC(=O)C2C(C2(C)C)C=C(C)C)C,1
CCCC(CCC)C(=O)O,1
C(CNC(=S)[S-])NC(=S)[S-].C(CNC(=S)[S-])NC(=S)[S-].C(CNC(=S)[S-])NC(=S)[S-].C(CNC(=S)[S-])NC(=S)[S-].C(CNC(=S)[S-])NC(=S)[S-].C(CNC(=S)[S-])NC(=S)[S-].C(CNC(=S)[S-])NC(=S)[S-].C(CNC(=S)[S-])NC(=S)[S-].C(CNC(=S)[S-])NC(=S)[S-].C(CNC(=S)[S-])NC(=S)[S-].[Mn+2].[Mn+2].[Mn+2].[Mn+2].[Mn+2].[Mn+2].[Mn+2].[Mn+2].[Mn+2].[Zn+2],1
CC(=O)NC1CCC2=CC(=C(C(=C2C3=CC=C(C(=O)C=C13)OC)OC)OC)OC,1
C(C(CCl)OP(=O)(OC(CCl)CCl)OC(CCl)CCl)Cl,1
C(C#N)Br,1
CSSC,1
COC1=C2C3=C(C(=O)OCC3)C(=O)OC2=C4C5C=COC5OC4=C1,1
CC1=C(C(=O)C=CN1C)O,1
[O-]S(=O)S(=O)(=O)[O-].[Na+].[Na+],1
C1=CC2=C(C=CC=N2)C(=C1)F,1
CC(=CC=CC=C(C)C=CC=C(C)C(=O)O)C=CC=C(C)C(=O)O,1
COC1=C2C3=C(C(=O)CC3)C(=O)OC2=C4C5CCOC5OC4=C1,1
COC1=C2C3=C(C(=O)OCC3)C(=O)OC2=C4C5C=COC5OC4=C1,1
CC(=CCCl)Cl,1
C1COCO1,1
[OH-].[OH-].[O-][Si]([O-])([O-])O[Si](=O)O[Si]([O-])([O-])O[Si](=O)O[Si]([O-])([O-])O[Si]([O-])([O-])O[Si](=O)O[Si]([O-])([O-])[O-].[Fe+2].[Fe+2].[Fe+2].[Fe+2].[Fe+2].[Fe+2].[Fe+2],1
C1C(O1)CBr,1
C1COCOC1,1
C1CCC(CC1)NC(=O)N(CCCl)N=O,1
[N+](=O)([O-])[O-].[N+](=O)([O-])[O-].[Pb+2],1
CC1=C(C=CC(=C1)OC)N,1
Cl[Pb]Cl,1
CN(C)C1=CC=CC=C1,1
CC1=C2C(C(=O)C3(C(CC4C(C3C(C(C2(C)C)(CC1OC(=O)C(C(C5=CC=CC=C5)NC(=O)C6=CC=CC=C6)O)O)OC(=O)C7=CC=CC=C7)(CO4)OC(=O)C)O)C)OC(=O)C,1
CN(C)N,1
CC=CC=CC(=O)O,1
C(C(C(=O)[O-])[O-])(C(=O)[O-])[O-].C(C(C(=O)[O-])[O-])(C(=O)[O-])[O-].[K+].[K+].[Sb+3].[Sb+3],1
CC(=O)NC1=CC=CC2=C1C3=CC=CC=C3C2,1
C(C(C(=O)[O-])[O-])(C(=O)[O-])[O-].C(C(C(=O)[O-])[O-])(C(=O)[O-])[O-].O.O.O.[K+].[K+].[Sb+3].[Sb+3],1
C1=CC2=C3C(=C1)C=CC4=C3C(=CC(=C4[N+](=O)[O-])[N+](=O)[O-])C=C2,1
CC(=C)C=C,1
C1=CC=CC=C1,1
[O-]S(=O)(=O)[O-].[Mn+2],1
CC1=C(C(=O)CC1OC(=O)C2C(C2(C)C)C=C(C)C(=O)OC)CC=CC=C,1
CC(=C)C1CCC(=CC1)C=O,1
C1=CC=C(C(=C1)[N+](=O)[O-])Cl,1
CCC1=CC2CC(C3=C(CN(C2)C1)C4=CC=CC=C4N3)(C5=C(C=C6C(=C5)C78CCN9C7C(C=CC9)(C(C(C8N6C)(C(=O)OC)O)OC(=O)C)CC)OC)C(=O)OC,1
COC1=C(C=CC(=C1)N)N,1
COC1=CC=CC=C1[N+](=O)[O-],1
CC1=CC2C(CC1OC(=O)CC(C)C)(C3(C(C(C(C34CO4)O2)O)OC(=O)C)C)COC(=O)C,1
CC(C)(C)C1=C(C=CC(=C1)O)O,1
CC1=CNC2=C1C34CC3CN(C4=CC2=O)C(=O)C5=CC6=C7CCN(C7=C(C(=C6N5)OC)O)C(=O)C8=CC9=C1CCN(C1=C(C(=C9N8)OC)O)C(=O)N,1
CCNC1=NC(=NC(=N1)SC)NC(C)C,1
CC=CCC1=C(C(CC1=O)OC(=O)C2C(C2(C)C)C=C(C)C(=O)OC)C,1
C1=CC=C2C=C3C4=CC=CC5=C4C(=CC=C5)C3=CC2=C1,1
C(C=CCl)Cl,1
C(=O)C(=C(C(=O)O)Cl)Cl,1
CC1C(NC(=O)C(NC(=O)C(C(NC(=O)C(NC(=O)C(NC(=O)C(=C)N(C(=O)CCC(NC1=O)C(=O)O)C)C)CC(C)C)C(=O)O)C)CCCN=C(N)N)C=CC(=CC(C)C(CC2=CC=CC=C2)OC)C,1
CC(=CC=CC=C(C)C=CC=C(C)C(=O)O)C=CC=C(C)C(=O)O,1
CCC1=CC2CC(C3=C(CN(C2)C1)C4=CC=CC=C4N3)(C5=C(C=C6C(=C5)C78CCN9C7C(C=CC9)(C(C(C8N6C)(C(=O)OC)O)OC(=O)C)CC)OC)C(=O)OC,1
CCC1=CC2CC(C3=C(CN(C2)C1)C4=CC=CC=C4N3)(C5=C(C=C6C(=C5)C78CCN9C7C(C=CC9)(C(C(C8N6C)(C(=O)OC)O)OC(=O)C)CC)OC)C(=O)OC,1
C1=CC=C2C(=C1)C=C3C=CC4=C5C3=C2C6=CC=CC=C6C5=CC=C4,1
C1=CC2=C(C=CC(=C2)Cl)N=C1,1
CCC,1
CCCCOC(=O)NC(=S)SCCCC,1
C1=CC=C2C(=C1)C=CC3=C2C=CC4=C3C5=CC=CC=C5C=C4,1
C1(C(C(C(C(C1Cl)Cl)Cl)Cl)Cl)Cl,1
[O-][Se](=O)(=O)[O-].[Na+].[Na+],1
COC1=C(C=CC(=C1)C=CC(=O)CC(=O)C=CC2=CC(=C(C=C2)O)OC)O,1
C1CC2C(CCC3C1C4(C(=C(C3(C4(Cl)Cl)Cl)Cl)Cl)Cl)C5(C(=C(C2(C5(Cl)Cl)Cl)Cl)Cl)Cl,1
CCCCC(CC)C(=O)O.[Mn+2],1
C1=CC=C(C(=C1)N)N,1
C1=CC=C2C(=C1)C(=CC=[N+]2[O-])[N+](=O)[O-],1
CN1C2=C(C(=O)N(C1=O)C)NC=N2.CN1C2=C(C(=O)N(C1=O)C)NC=N2.C(CN)N,1
[NH4+].[O-][V](=O)=O,1
C1=CC(=C(C=C1C2=CC(=C(C=C2)N)Cl)Cl)N,1
C1C(O1)CCl,1
C(C(C(=O)[O-])[O-])(C(=O)[O-])[O-].[K+].[Sb+3],1
C1COCCN1N=O,1
C1=CC(=CN=C1)C(=O)N,1
CC1=CC2C(CC1OC(=O)CC(C)C)(C3(C(C(C(C34CO4)O2)O)OC(=O)C)C)COC(=O)C,1
CC=C(C)C(=O)OC1CC(C2(COC3C2C14COC(C4C(C3O)(C)C56C7CC(C5(O6)C)C8(C=COC8O7)O)(C(=O)OC)O)C(=O)OC)OC(=O)C,1
C(C(Cl)(Cl)Cl)(Cl)(Cl)Cl,1
C1=CC(=C(C=C1Cl)O)OC2=C(C=C(C=C2)Cl)Cl,1
CC(=C)C(=O)OC,1
CC(=O)C1CCC2C1(CCC3C2C=CC4=CC(=O)CCC34C)C,1
[Pb],1
CC(=O)OO,1
CCNC1=NC(=NC(=N1)Cl)NC(C)C,1
[Ti+4].[Co+2].[Ni+2].[Zn+2],1
CC1=CC2C(CC1OC(=O)CC(C)C)(C3(C(C(C(C34CO4)O2)O)OC(=O)C)C)COC(=O)C,1
CCC1=CC2CC(C3=C(CN(C2)C1)C4=CC=CC=C4N3)(C5=C(C=C6C(=C5)C78CCN9C7C(C=CC9)(C(C(C8N6C)(C(=O)OC)O)OC(=O)C)CC)OC)C(=O)OC,1
CCC1=CC2CC(C3=C(CN(C2)C1)C4=CC=CC=C4N3)(C5=C(C=C6C(=C5)C78CCN9C7C(C=CC9)(C(C(C8N6C)(C(=O)OC)O)OC(=O)C)CC)OC)C(=O)OC,1
C1=CC2=C3C(=C1)C=CC4=C(C=CC(=C43)C=C2)CCl,1
CC1=C2CCC3=C2C(=CC4=C3C=CC5=CC=CC=C54)C=C1,1
CN1C2=C(C3=CC=CC=C3C=C2)C4=C1C=CC5=CC=CC=C54,1
C(CNC(=[SH+])[S-])NC(=S)S.[Zn],1
C1=CC(=CC=C1CC2=CC=C(C=C2)N)N,1
C1=CC=C(C=C1)N(C2=CC=CC=C2)N,1
C1=CC=C2C(=C1)C(=O)C(=O)N2,1
C1=CC(=CC=C1C(=O)O)[N+](=O)[O-],1
C=CCl,1
C1=CC(=C(C(=C1)Cl)Cl)C2=C(C(=C(C=C2)Cl)Cl)Cl,1
C1CN1,1
CC1CCC2(CCCCO2)OC1C(C)CC(C3C(=C)C(C4C(O3)CCC5(O4)CCC(O5)C=CC(C)C6CC(=CC7(O6)C(CCC(O7)CC(C)(C(=O)O)O)O)C)O)O,1
COC1=C2C3=C(C(=O)OCC3)C(=O)OC2=C4C5C=COC5OC4=C1,1
C(C(F)(F)F)(C(F)(F)F)F,1
CS,1
COC1=CC=C(C=C1)CC=C,1
C1=CC=C2C(=C1)C=CC3=C2C4=C(N3)C=CC5=CC=CC=C54,1
C(C(C1C(=C(C(=O)O1)O)O)O)O.[Na+],1
C1C(C(OC1N2C=C(C(=O)NC2=O)Br)CO)O,1
C(CN(CC(=O)[O-])CC(=O)[O-])N(CC(=O)[O-])CC(=O)[O-].O.O.O.[Na+].[Na+].[Ca+2],1
CN(CCCC(=O)C1=CN=CC=C1)N=O,1
C=CC1=CC=CC=C1C=C,1
[Na+].[Cl-],1
C(Br)(Br)Br,1
CC1=CC2=C(C=CC=N2)C3=C1N(C(=N3)N)C,1
C1C2C(C(C1Cl)Cl)C3(C(=C(C2(C3(Cl)Cl)Cl)Cl)Cl)Cl,1
CC1CCC2=C3N1C=C(C(=O)C3=CC(=C2)F)C(=O)O,1
CC1CC2(C(O2)C)C(=O)OC3CCN4C3C(=CC4)COC(=O)C1(C)O,1
CC(=O)O[Pb]OC(=O)C,1
C1CN1C2=CC(=O)C(=C(C2=O)N3CC3)N4CC4,1
C1=CC=C2C3=C4C(=CC2=C1)C=CC5=C(C=CC(=C54)C=C3)[N+](=O)[O-],1
COC1=CC=C(C=C1)N,1
CC=CC1=CC(=C(C=C1OC)OC)OC,1
CCOC(=O)C=C,1
CC(=O)N(C1=CC=C(C=C1)C2=CC=CC=C2)O,1
C1C(O1)C(=O)N,1
CC1CCC2(CCCCO2)OC1C(C)CC(C3C(=C)C(C4C(O3)CCC5(O4)CCC(O5)C=CC(C)C6CC(=CC7(O6)C(CCC(O7)CC(C)(C(=O)O)O)O)C)O)O,1
COC1=C(C=C(C=C1)N)N.Cl.Cl,1
CC1CCCC2(C(O2)CC(NC(=O)CC(C(C(=O)C(C1O)C)(C)C)O)C(=CC3=CSC(=N3)C)C)C,1
C(=O)(N)NO,1
CC(C)C(C(=O)OCC(CO)OCN1C=NC2=C1N=C(NC2=O)N)N,1
C1=C(C=C(C(=C1O)O)O)C2=[O+]C3=CC(=CC(=C3C=C2O)O)O.[Cl-],1
CC1=C(C=CC(=C1)O)O,1
COC(=O)NC(=S)NC1=CC=CC=C1NC(=S)NC(=O)OC,1
C1=CC=C2C=C(C=CC2=C1)[N+](=O)[O-],1
CC1CC2(C(O2)C)C(=O)OC3CCN4C3C(=CC4)COC(=O)C1(C)O,1
CC1=C(C=C(C=C1)[N+](=O)[O-])[N+](=O)[O-],1
C(C(=O)O)(Cl)Cl,1
C1=CC=C(C(=C1)C2=C3C=C(C(=O)C(=C3OC4=C(C(=C(C=C24)I)[O-])I)I)I)C(=O)[O-],1
C1=CC=C2C(=C1)C=CC(=C2N=NC3=C(C=C(C=C3)[N+](=O)[O-])[N+](=O)[O-])O,1
CCCCC,1
CC1=CC2=C(C3=CC=CC=C13)C4=C(N2)C=C(C5=CC=CC=C54)C,1
CCS(=O)(=O)CCN1C(=NC=C1[N+](=O)[O-])C,1
C1=CC=C2C(=C1)C3=C(N2)N=C(C=C3)N,1
[O-2].[O-2].[O-2].[O-2].[Al+3].[Al+3].[Ni+2],1
CC1=C(C=CC(=C1)C2=CC(=C(C=C2)N)C)N,1
CCC1(CC2CC(C3=C(CCN(C2)C1)C4=CC=CC=C4N3)(C5=C(C=C6C(=C5)C78CCN9C7C(C=CC9)(C(C(C8N6C=O)(C(=O)OC)O)OC(=O)C)CC)OC)C(=O)OC)O,1
C(CN(CC(=O)[O-])CC(=O)[O-])N(CC(=O)[O-])CC(=O)[O-].[Na+].[Na+].[Mg+2],1
C1=CC=C(C=C1)CNC(=O)CCNNC(=O)C2=CC=NC=C2,1
CC(C)OS(=O)(=O)C,1
CC=C1C(=O)NC(C(C(=O)NC(C(=O)NC(C(C(=O)NC(CCC(=O)N1C)C(=O)O)C)C=CC(=CC(C)C(CC2=CC=CC=C2)OC)C)CCCN=C(N)N)C)C(=O)O,1
C1=CC(=C(C(=C1)F)C(=O)NC(=O)NC2=CC=C(C=C2)Cl)F,1
CC1=CN=C(C(=C1OC)C)CS(=O)C2=NC3=C(N2)C=C(C=C3)OC,1
[O-]S(=O)S(=O)[O-].[Na+].[Na+],1
CN1C2=C(C3=C(C=C2)N=CC=C3)N=C1[N+](=O)[O-],1
C(COCCO)O,1
CC(C)NC(=O)C1=CC=C(C=C1)CNNC,1
C(C(=O)[O-])N(CC(=O)[O-])CC(=O)[O-].[Na+].[Na+].[Na+],1
[O-2].[O-2].[O-2].[Al+3].[Al+3],1
O=[Zn],1
CC(C)C(C(=O)OCC(CO)OCN1C=NC2=C1N=C(NC2=O)N)N,1
C1=CC=C(C=C1)N,1
CC1CC2(C(O2)C)C(=O)OC3CCN4C3C(=CC4)COC(=O)C1(C)O,1
CCC1=CC2CC(C3=C(CN(C2)C1)C4=CC=CC=C4N3)(C5=C(C=C6C(=C5)C78CCN9C7C(C=CC9)(C(C(C8N6C)(C(=O)OC)O)OC(=O)C)CC)OC)C(=O)OC,1
COP(=O)(OC)OC(=CCl)C1=CC(=C(C=C1Cl)Cl)Cl,1
CC1OCC2C(O1)C(C(C(O2)OC3C4COC(=O)C4C(C5=CC6=C(C=C35)OCO6)C7=CC(=C(C(=C7)OC)O)OC)O)O,1
CCN(CC)C(=S)SSC(=S)N(CC)CC,1
CC(C)OC(=O)NC1=CC(=CC=C1)Cl,1
CC1=CC2C(CC1OC(=O)CC(C)C)(C3(C(C(C(C34CO4)O2)O)OC(=O)C)C)COC(=O)C,1
C(CNC(=S)[S-])NC(=S)[S-].[Zn+2],1
CC(C)(C)CC(C)(C)CC(=O)[O-].CC(C)(C)CC(C)(C)CC(=O)[O-].[Mn+2],1
C(Cl)(Cl)Br,1
C1=CC(=CC=C1N)Cl,1
CN(C(=N)N[N+](=O)[O-])N=O,1
CC1C(=O)C(=C(O1)C)O,1
C1CCN(CC1)N=O,1
C(CN(CC(=O)O)CC(=O)O)N(CCO)CC(=O)O,1
CCN(CC)CCNC1=C2C(=C(C=C1)CO)SC3=CC=CC=C3C2=O.CS(=O)(=O)O,1
C1=CC=C2C(=C1)C=CC=N2.OS(=O)(=O)O,1
CNCC(C1=CC(=C(C=C1)O)O)O,1
CCC(=O)NC1=CC(=C(C=C1)Cl)Cl,1
C[Hg],1
C1=CC=NC(=C1)NS(=O)(=O)C2=CC=C(C=C2)N=NC3=CC(=C(C=C3)O)C(=O)O,1
CN(C)C1=CC=C(C=C1)N=NC2=CC3=C(C=C2)N=CS3,1
CC1=CC(=O)NS(=O)(=O)O1,1
C(CO)N(CCO)N=O,1
CCOC(=O)N(C)N=O,1
C1=CC=C(C=C1)NN,1
CC1=CC(=CC(=C1)C)C,1
COC1=C2C3=C(C(=O)OCC3)C(=O)OC2=C4C5CCOC5OC4=C1,1
CC1C(C(CC(O1)OC2CC(CC3=C2C(=C4C(=C3O)C(=O)C5=C(C4=O)C(=CC=C5)OC)O)(C(=O)CO)O)N)O,1
CCC1(C2=C(COC1=O)C(=O)N3CC4=CC5=C(C=CC(=C5CN(C)C)O)N=C4C3=C2)O,1
C1=CC=C2C(=C1)C=CC(=O)N2,1
C1=CC=C2C(=C1)C=CC3=CC4=C(C=CC5=CC=CC=C54)C=C32,1
C(C(C1C(=C(C(=O)O1)[O-])O)O)O.O.[Na+],1
CCC1(CC2CC(C3=C(CCN(C2)C1)C4=CC=CC=C4N3)(C5=C(C=C6C(=C5)C78CCN9C7C(C=CC9)(C(C(C8N6C=O)(C(=O)OC)O)OC(=O)C)CC)OC)C(=O)OC)O,1
CCCCN(CCCC)N=O,1
CC=CC=O,1
CC1CC2(C(O2)C)C(=O)OC3CCN4C3C(=CC4)COC(=O)C1(C)O,1
C(CN(CC(=O)[O-])CC(=O)[O-])N(CCO)CC(=O)[O-].[Na+].[Na+].[Na+],1
C1=CC(=C(C=C1[N+](=O)[O-])[N+](=O)[O-])Cl,1
CCN(CC)C(=O)C(=C(C)OP(=O)(OC)OC)Cl,1
C1=CC(=C(C(=C1)Cl)O)Cl,1
CC=C(C)C(=O)OC1CC(C2(COC3C2C14COC(C4C(C3O)(C)C56C7CC(C5(O6)C)C8(C=COC8O7)O)(C(=O)OC)O)C(=O)OC)OC(=O)C,1
C1CC(=O)NC2=C1C=CC(=C2)OCCCCN3CCN(CC3)C4=C(C(=CC=C4)Cl)Cl,1
CC=C1CC(C(C(=O)OCC2=CCN3C2C(CC3)OC1=O)(CO)O)C,1
CC1=CC2C(CC1OC(=O)CC(C)C)(C3(C(C(C(C34CO4)O2)O)OC(=O)C)C)COC(=O)C,1
CC1CC2(C(O2)C)C(=O)OC3CCN4C3C(=CC4)COC(=O)C1(C)O,1
COC1=C2C3=C(C(=O)CC3)C(=O)OC2=C4C5C=COC5OC4=C1,1
CC(C)OP(=O)(C)F,1
O=[Zr].Cl.Cl,1
C=O,1
C1=CC=C2C3=C4C(=CC2=C1)C=CC5=CC6=CC=CC=C6C(=C54)C=C3,1
CCNC(C)CC1=CC(=CC=C1)C(F)(F)F,1
C(OC(C(F)(F)F)C(F)(F)F)F,1
CC1=CC=NC2=CC=CC=C12,1
CC(C)OC1=CC=CC=C1OC(=O)NC,1
CCN(C(=O)OCC)N=O,1
C[N+](C)(C)CC1CO1.[Cl-],1
CC(=O)O.CC(=O)O.CC(=O)O.CC(=O)O.[Pb],1
C(C(=O)O)(Br)Br,1
S=[Se],1
CC(=O)N,1
CN1C2=C(C3=C(C=C2)N=CC=C3)N=C1N,1
COC1=C(C=C(C=C1)N)N,1
C1=CC2=C(C=C1S(=O)(=O)[O-])C(=C(N2)C3=NC4=C(C3=O)C=C(C=C4)S(=O)(=O)[O-])O.[Na+].[Na+],1
C1=CC(=CC=C1C(C2=CC=C(C=C2)Cl)C(Cl)(Cl)Cl)Cl,1
C1=CC2=C(C=CC=N2)C(=C1)Cl,1
C1=CC=C2C(=C1)C(=O)OC2=O,1
CCC1(CC2CC(C3=C(CCN(C2)C1)C4=CC=CC=C4N3)(C5=C(C=C6C(=C5)C78CCN9C7C(C=CC9)(C(C(C8N6C=O)(C(=O)OC)O)OC(=O)C)CC)OC)C(=O)OC)O,1
C1=CC=C2C(=C1)C=CC3=C2C=CC4=CC=CC=C43,1
CC(=O)NC1CCC2=CC(=C(C(=C2C3=CC=C(C(=O)C=C13)OC)OC)OC)OC,1
C1=CC=C(C(=C1)C2=C3C=C(C(=O)C(=C3OC4=C(C(=C(C=C24)I)[O-])I)I)I)C(=O)[O-].O.[Na+].[Na+],1
C1=CC(=CC=C1N)S(=O)(=O)O,1
C(CN(CC(=O)[O-])CC(=O)[O-])N(CC(=O)[O-])CC(=O)[O-].[Ca+2],1
C1=CC2=C(C=CC3=C2C(=C1)C4=C3C=CC=C4[N+](=O)[O-])[N+](=O)[O-],1
CC1=CC2C(CC1OC(=O)CC(C)C)(C3(C(C(C(C34CO4)O2)O)OC(=O)C)C)COC(=O)C,1
CC(=O)O[Pb]OC(=O)C.O.O.O.O.[Pb].[Pb],1
CC1C(OC=C2C1=C(C(=C(C2=O)C(=O)O)O)C)C,1
C1C2C(C(C1Cl)Cl)C3(C(=C(C2(C3(Cl)Cl)Cl)Cl)Cl)Cl,1
CC1=CC2C(CC1OC(=O)CC(C)C)(C3(C(C(C(C34CO4)O2)O)OC(=O)C)C)COC(=O)C,1
C1=CC=C(C=C1)C2=CC=C(C=C2)N,1
C(=O)C(=C(C(=O)O)Cl)Cl,1
COC1=C(C=C(C=C1)CC=C)OC,1
CC(C(=O)C1=CC(=CC=C1)Cl)NC(C)(C)C,1
CC1CC2(C(O2)C)C(=O)OC3CCN4C3C(=CC4)COC(=O)C1(C)O,1
CCN(CC)CC1=C(C=CC(=C1)NC2=C3C=CC(=CC3=NC=C2)Cl)O,1
C1=CC=C(C=C1)N=NC2=C(N=C(C=C2)N)N,1
CNNC,1
CC1=CN=C2C=CC3=C(C2=N1)N=C(N3C)N,1
CC=C1CC(C(C(=O)OCC2=CCN(CCC(C2=O)OC1=O)C)(C)O)C,1
C1=CC(=CC=C1CC(C(=O)O)N)N(CCCl)CCCl,1
CCCCC=O,1
C1=CC2=C(C(=C1)Cl)N=CC=C2,1
CSCCC=O,1
CC=C1CC(C(C(=O)OCC2=CCN(CCC(C2=O)OC1=O)C)(C)O)C,1
O.O.O=[Al]O[Si](=O)O[Si](=O)O[Al]=O,1
C(CN(CC(=O)O)CC(=O)O)N(CC(=O)O)CC(=O)O,1
COC1=CC2=C(C=C1)C3=C(C=C2)OC(=C3)[N+](=O)[O-],1
C=CC=C,1
CC1=C([N+](=O)C2=CC=CC=C2N1[O-])C(=O)NCCO,1
C(C(CCl)Cl)Cl,1
C1=CC=C(C=C1)C2=CC=CC=C2N,1
O=[Cd],1
CN1C=NC2=C1C(=O)NC(=O)N2C,1
C1C=CC(=O)O1,1
CC(=O)NP(=O)(OC)SC,1
C1=CC2=C(C=CC3=C2C4=C1C=CC(=C4C=C3)[N+](=O)[O-])[N+](=O)[O-],1
CC=O,1
C1=CC=C2C3=C4C(=CC2=C1)C=CC5=C4C(=CC=C5)C=C3,1
CC(C)CC=O,1
CC[NH+](CC)CCNC1=C2C(=C(C=C1)CO)SC3=CC=CC=C3C2=O.CS(=O)(=O)[O-],1
C=COC(=O)N,1
C1=CC(=C(C(=C1)Cl)Cl)Cl,1
C1=CN=CC=C1C(=O)NN,1
N(=O)[O-].[Na+],1
C1=CC(=CC=C1CCC2=CNC3=C2C(=O)NC(=N3)N)C(=O)NC(CCC(=O)O)C(=O)O,1
C1=CC(=CC(=C1)Cl)[N+](=O)[O-],1
CC(=O)NC1=CC2=C(C=C1)C3=CC=CC=C3C2,1
COP(=S)(OC)OC1=CC=C(C=C1)[N+](=O)[O-],1
C1=CC=C2C(=C1)C(=O)C3=CC(=C(C(=C3C2=O)O)CO)O,1
C1=CC2=C(C=CC3=C2C(=C1)C4=C3C=C(C=C4)[N+](=O)[O-])[N+](=O)[O-],1
C(C(Cl)Cl)Cl,1
COP(=O)(OC)OC(=CCl)C1=CC(=C(C=C1Cl)Cl)Cl,1
CCNC(=O)NC(=O)C(=NOC)C#N,1
C(C(C(=O)[O-])[O-])(C(=O)[O-])[O-].C(C(C(=O)[O-])[O-])(C(=O)[O-])[O-].[K+].[K+].[Sb+3].[Sb+3],1
CCN(CC1=CC(=CC=C1)S(=O)(=O)[O-])C2=CC=C(C=C2)C(=C3C=CC(=[N+](CC)CC4=CC(=CC=C4)S(=O)(=O)[O-])C=C3)C5=C(C=C(C=C5)O)S(=O)(=O)[O-].[Na+].[Na+],1
CCC1(CC2CC(C3=C(CCN(C2)C1)C4=CC=CC=C4N3)(C5=C(C=C6C(=C5)C78CCN9C7C(C=CC9)(C(C(C8N6C=O)(C(=O)OC)O)OC(=O)C)CC)OC)C(=O)OC)O,1
CC(=O)OC=C,1
CC1(C(C1C(=O)OCC2=CC(=CC=C2)OC3=CC=CC=C3)C=C(Cl)Cl)C,1
C1CCN(C1)N=O,1
CCC1(CC2CC(C3=C(CCN(C2)C1)C4=CC=CC=C4N3)(C5=C(C=C6C(=C5)C78CCN9C7C(C=CC9)(C(C(C8N6C=O)(C(=O)OC)O)OC(=O)C)CC)OC)C(=O)OC)O,1
CCC1=CC2CC(C3=C(CN(C2)C1)C4=CC=CC=C4N3)(C5=C(C=C6C(=C5)C78CCN9C7C(C=CC9)(C(C(C8N6C)(C(=O)OC)O)OC(=O)C)CC)OC)C(=O)OC,1
CC(=O)[O-].CC(=O)[O-].[Pb+2],1
CC(=CC=CC=C(C)C=CC=C(C)C(=O)O)C=CC=C(C)C(=O)O,1
C1=CC2=C(C(=C1)F)N=CC=C2,1
CC1=C2C(=C(N=C1N)C)C3=CC=CC=C3N2,1
COC1=C2C=CC(=O)OC2=CC3=C1C=CO3,1
CCC(C1=NC2=C(C(=CC=C2)F)C(=O)N1C3=CC=CC=C3)NC4=NC=NC5=C4NC=N5,1
C1=CC(=CC=C1OC2=CC=C(C=C2)S(=O)(=O)NN)S(=O)(=O)NN,1
C1=CC(=CC=C1O)O,1
CC(=O)C=O,1
CC1=CC2C(CCC3(C2CCC3(C(=O)C)O)C)C4(C1=CC(=O)CC4)C,1
CC=C1CC(=C)C(C(=O)OCC2=CCN3C2C(CC3)OC1=O)(CO)O,1
CC1=C(C(=O)C=CO1)O,1
C(C=O)Cl,1
COC1=CC=CC2=C3C(=C(C=C21)[N+](=O)[O-])C(=CC4=C3OCO4)C(=O)O,1
CO[P+](=O)OC,1
S=[Ni],1
[O-]Br(=O)=O.[K+],1
CCCC=O,1
CC(=CC=CC=C(C)C=CC=C(C)C(=O)O)C=CC=C(C)C(=O)O,1
C1=CC(=CC=C1N)OC2=CC=C(C=C2)N,1
C1=CC=C(C(=C1)C2=C3C=C(C(=O)C(=C3OC4=C(C(=C(C=C24)I)O)I)I)I)C(=O)O.[Na],1
C(C(Cl)Cl)(Cl)Cl,1
CC1=CC2C(CC1OC(=O)CC(C)C)(C3(C(C(C(C34CO4)O2)O)OC(=O)C)C)COC(=O)C,1
O=[Ni],1
CC1=CC2C(CC1OC(=O)CC(C)C)(C3(C(C(C(C34CO4)O2)O)OC(=O)C)C)COC(=O)C,1
CC1CC2=C(C=C(C(=C2C(=O)O1)O)C(=O)NC(CC3=CC=CC=C3)C(=O)O)Cl,1
C1=CC(=CC=C1CC2=CC=C(C=C2)N)N.Cl.Cl,1
CCC1=CN=C(C=C1)CCOC2=CC=C(C=C2)CC3C(=O)NC(=O)S3,1
CC1(C(C1C(=O)OC(C#N)C2=CC(=CC=C2)OC3=CC=CC=C3)C=C(Br)Br)C,1
CBr,1
CC=C(C)C(=O)OC1CC(C2(COC3C2C14COC(C4C(C3O)(C)C56C7CC(C5(O6)C)C8(C=COC8O7)O)(C(=O)OC)O)C(=O)OC)OC(=O)C,1
CC(=O)C(=O)C,1
C1=CC=C(C=C1)Cl,1
COP(=O)(C(C(Cl)(Cl)Cl)O)OC,1
CC=C(C)C(=O)OC1CC(C2(COC3C2C14COC(C4C(C3O)(C)C56C7CC(C5(O6)C)C8(C=COC8O7)O)(C(=O)OC)O)C(=O)OC)OC(=O)C,1
CNC1=CC=CC=C1,1
C1=CC=C2C3=C4C(=CC=C3)C5=CC=CC=C5C4=CC2=C1,1
C1=C(C=C(C=C1Cl)Cl)Cl,1
CN(CC1=CC=CC=C1)N=O,1
C1=CC=C(C=C1)N=NC2=C(C=CC3=CC=CC=C32)N,1
CCCN(CCC)N=O,1
C1=CC=C2C(=C1)C=CC3=C2C=C(C4=CC=CC=C34)[N+](=O)[O-],1
CC1=C(C=C(C=C1)N)Cl,1
C(CCl)SCCCl,1
C=CCBr,1
C(=S)=S,1
CCC1=CC2CC(C3=C(CN(C2)C1)C4=CC=CC=C4N3)(C5=C(C=C6C(=C5)C78CCN9C7C(C=CC9)(C(C(C8N6C)(C(=O)OC)O)OC(=O)C)CC)OC)C(=O)OC,1
C1CC1NC2=NC(=C(C(=N2)N)C#N)N,1
CC1=CC=CN2C1=NC3=C2N=C(C=C3)N,1
C1=CC(=C(C=C1Cl)Cl)Cl,1
C1CC1NC2=C3C(=NC(=N2)N)N(C=N3)C4CC(C=C4)CO.C1CC1NC2=C3C(=NC(=N2)N)N(C=N3)C4CC(C=C4)CO.OS(=O)(=O)O,1
CC(=NO)C,1
[O-][Cr](=O)(=O)O[Cr](=O)(=O)[O-].[Na+].[Na+],1
CC1=C(C=CC=C1[N+](=O)[O-])[N+](=O)[O-],1
NN,1
C1=CC=C2C(=C1)C3=CC=CC=C3N2,1
CN(C)C(=S)S,1
CN1COCN(C1=N[N+](=O)[O-])CC2=CN=C(S2)Cl,1
COS(=O)(=O)OC,1
CC1=C(C(=CC=C1)[N+](=O)[O-])[N+](=O)[O-],1
CCC1=C(C(=NC(=N1)N)N)C2=CC=C(C=C2)Cl,1
C=CF,1
